{
	"prompts":{
		"optAppName": "meancompany",
		"optAppTitle": "MEAN Company",
		"optAppDescription": "Learn to build a web application with the MEAN stack",
		"optAppKeywords": [
			"mean-seed",
			"mean",
			"mean-stack",
			"generator-mean-seed",
			"javascript",
			"angular",
			"node",
			"learn"
		],
		"optGithubName": "mygithubhandlehere",
		"optAuthorName": "First Last <first.last@email.com>",
		"optOperatingSystem": "windows",
		"optServerPort": 3000,
		"optServerHttpPort": 3002,
		"optSocketPort": 3001,
		"optTestServerPort": 3005,
		"optTestServerHttpPort": 3007,
		"optTestSocketPort": 3006,
		"optTestDatabase": "test_temp",
		"optNpmInstall": 1,
		"optBowerInstall": 1,
		"optSeleniumInstall": 0,
		"optGruntQ": 1,
		"optGitBranch": "master"
	}
}