{
	"all": {
		"modules":["_all"]
	},
	"allNoBuild": {
		"modules":["_all"],
		"comment":"'_all' is a special/reserved word for getting ALL modules",
		"skipModules": ["build", "buildTemp", "buildTempCss", "test", "testEnv"]
	},
	"allNoBuildCss": {
		"modules":["_all"],
		"comment":"like 'allNoBuild' except we WANT 'buildTempCss', which has compiled 'base.css' (from '_base.less') in it",
		"skipModules": ["build", "buildTemp", "test", "testEnv"]
	},
	"allNoBuildCssTestEnv": {
		"modules":["_all"],
		"comment":"like 'allNoBuildCss' except we WANT 'testEnv' and want to remove those test file counterparts",
		"skipModules": ["build", "buildTemp", "test",
			"modules.services.config"
		]
	},
	"allMinified": {
		"modules":["bower.minified", "lib.minified", "buildTemp", "test"]
	},
	"nonMinified": {
		"modules":["_all"],
		"skipModules":["build", "buildTemp", "buildTempCss", "bower.minified", "lib.minified", "test", "testEnv"]
	},
	"nonMinifiedLint": {
		"modules":["_all"],
		"skipModules":["build", "buildTemp", "buildTempCss", "bower.minified", "lib.minified", "bower.nonMinified", "lib.nonMinified", "test", "testEnv"]
	},
	"testsKarmaCov": {
		"modules":["_all"],
		"skipModules":["build", "buildTemp", "buildTempCss", "bower.minified", "lib.minified", "bower.nonMinified", "lib.nonMinified", "test", "testEnv",
			"common.js",
			"modules.pages.dev-test.test"
		]
	},
	"testsProtractor": {
		"modules":["_all"],
		"skipModules": ["build", "buildTemp", "buildTempCss"]
	}
}